algorithm,es,proportion,n_draws,search_ok,dice_skeleton,dice_directed,oriented_fpr,oriented_tpr,oriented_tp,oriented_fp,oriented_fn
fges,0.1,0.4,200,1.0,0.8928174189808772,0.64094041529454,0.025563218390804558,0.6479629629629629,17.495,11.12,9.505
fges,0.1,0.5,200,1.0,0.8943115891064585,0.6527226652959546,0.023942528735632143,0.6561111111111111,17.715,10.415,9.285
fges,0.1,0.6,200,1.0,0.8889059614884733,0.6486619041460977,0.025241379310344786,0.6555555555555556,17.7,10.98,9.3
fges,0.1,0.7,200,1.0,0.8838820155606437,0.6388340834531487,0.026068965517241343,0.6475925925925925,17.485,11.34,9.515
fges,0.1,0.8,200,1.0,0.879372504601674,0.6336247670147717,0.027390804597701112,0.644074074074074,17.39,11.915,9.61
fges,0.1,0.9,200,1.0,0.8827632769145077,0.6389281617619722,0.026310344827586173,0.6453703703703704,17.425,11.445,9.575
fges,0.1,1.0,10,1.0,0.8806733760182036,0.6160987316497322,0.02758620689655169,0.6222222222222222,16.8,12.0,10.2
fges,0.2,0.4,200,1.0,0.9183240363438828,0.7401349055603939,0.015804597701149396,0.7144444444444444,19.29,6.875,7.71
fges,0.2,0.5,200,1.0,0.9202024891616608,0.7468376937680563,0.015770114942528703,0.7201851851851852,19.445,6.86,7.555
fges,0.2,0.6,200,1.0,0.9236195755992043,0.7457853736928851,0.01563218390804595,0.7194444444444444,19.425,6.8,7.575
fges,0.2,0.7,200,1.0,0.9295012676397851,0.7567045529666042,0.01431034482758618,0.7242592592592593,19.555,6.225,7.445
fges,0.2,0.8,200,1.0,0.9228310715390989,0.7502634300820116,0.015471264367816064,0.7251851851851852,19.58,6.73,7.42
fges,0.2,0.9,200,1.0,0.9446066583546423,0.7781553692972922,0.011885057471264343,0.7355555555555555,19.86,5.17,7.14
fges,0.2,1.0,10,1.0,0.9772936602870814,0.8285089417948429,0.00482758620689654,0.7555555555555555,20.4,2.1,6.6
fges,0.3,0.4,200,1.0,0.9771473747059061,0.8455315105495742,0.003839080459770086,0.7783333333333333,21.015,1.67,5.985
fges,0.3,0.5,200,1.0,0.9835275519904055,0.851935710306726,0.0026206896551723923,0.7744444444444444,20.91,1.14,6.09
fges,0.3,0.6,200,1.0,0.9846713843176269,0.8537721091216969,0.0025632183908045774,0.7768518518518519,20.975,1.115,6.025
fges,0.3,0.7,200,1.0,0.9863833456908836,0.8566887853132745,0.002241379310344805,0.7785185185185185,21.02,0.975,5.98
fges,0.3,0.8,200,1.0,0.9860325436220125,0.8573024118863087,0.0024252873563218183,0.7809259259259259,21.085,1.055,5.915
fges,0.3,0.9,200,1.0,0.9861636772825223,0.853890169325745,0.002390804597701132,0.7744444444444444,20.91,1.04,6.09
fges,0.3,1.0,10,1.0,0.9848882265275709,0.8498468816105265,0.00275862068965516,0.7703703703703704,20.8,1.2,6.2
