algorithm,es,missing_mechanism,missing_rate,missing_strategy,n_draws,search_ok,dice_skeleton,dice_directed,oriented_fpr,oriented_tpr,oriented_tp,oriented_fp,oriented_fn
fges,0.1,mar,0.1,complete_case,10,1.0,0.8760089045807696,0.6218489009024559,0.0262068965517241,0.6333333333333333,17.1,11.4,9.9
fges,0.1,mar,0.1,mean,10,1.0,0.861801544348505,0.6143996861053656,0.029885057471264333,0.6481481481481481,17.5,13.0,9.5
fges,0.1,mar,0.2,complete_case,10,1.0,0.881484224409415,0.6319806699807284,0.025747126436781582,0.6444444444444445,17.4,11.2,9.6
fges,0.1,mar,0.2,mean,10,1.0,0.8670325446913425,0.6242255636145089,0.02689655172413789,0.6444444444444445,17.4,11.7,9.6
fges,0.1,mar,0.4,complete_case,10,1.0,0.9007694697101446,0.6717072176074883,0.02229885057471261,0.674074074074074,18.2,9.7,8.8
fges,0.1,mar,0.4,mean,10,1.0,0.8441522954940215,0.6374751831291998,0.029885057471264333,0.6851851851851852,18.5,13.0,8.5
fges,0.1,none,0.0,none,10,1.0,0.8806733760182036,0.6160987316497322,0.02758620689655169,0.6222222222222222,16.8,12.0,10.2
fges,0.2,mar,0.1,complete_case,10,1.0,0.9486777288047705,0.7908348703943393,0.01034482758620687,0.7555555555555555,20.4,4.5,6.6
fges,0.2,mar,0.1,mean,10,1.0,0.9317202570820993,0.7658932350023959,0.011724137931034459,0.7296296296296296,19.7,5.1,7.3
fges,0.2,mar,0.2,complete_case,10,1.0,0.9279116642412483,0.7805587275785919,0.012413793103448239,0.7592592592592593,20.5,5.4,6.5
fges,0.2,mar,0.2,mean,10,1.0,0.9112382531402063,0.7447013756833896,0.01563218390804593,0.737037037037037,19.9,6.8,7.1
fges,0.2,mar,0.4,complete_case,10,1.0,0.9230428658308549,0.7752631204735163,0.01287356321839076,0.7555555555555555,20.4,5.6,6.6
fges,0.2,mar,0.4,mean,10,1.0,0.8528617804076942,0.6973236273060139,0.02436781609195398,0.725925925925926,19.6,10.6,7.4
fges,0.2,none,0.0,none,10,1.0,0.9772936602870814,0.8285089417948429,0.00482758620689654,0.7555555555555555,20.4,2.1,6.6
fges,0.3,mar,0.1,complete_case,10,1.0,0.9838926862611073,0.8491907448228799,0.00206896551724136,0.7666666666666667,20.7,0.9,6.3
fges,0.3,mar,0.1,mean,10,1.0,0.9736160935253494,0.8364530235479777,0.00413793103448274,0.7703703703703704,20.8,1.8,6.2
fges,0.3,mar,0.2,complete_case,10,1.0,0.9786295283663705,0.8396867592899657,0.00206896551724135,0.7518518518518518,20.3,0.9,6.7
fges,0.3,mar,0.2,mean,10,1.0,0.9571713567431676,0.8197072451748415,0.00597701149425284,0.762962962962963,20.6,2.6,6.4
fges,0.3,mar,0.4,complete_case,10,1.0,0.949127102405791,0.8029269729137443,0.0075862068965516696,0.7518518518518518,20.3,3.3,6.7
fges,0.3,mar,0.4,mean,10,1.0,0.9015254466733282,0.7400156034395998,0.01678160919540225,0.7444444444444445,20.1,7.3,6.9
fges,0.3,none,0.0,none,10,1.0,0.9848882265275709,0.8498468816105265,0.00275862068965516,0.7703703703703704,20.8,1.2,6.2
