algorithm,es,alpha,n_draws,search_ok,dice_skeleton,dice_directed,oriented_fpr,oriented_tpr,oriented_tp,oriented_fp,oriented_fn
gfci,0.1,0.001,10,1.0,0.9870632197990687,0.7772541090656946,0.0029885057471264,0.6703703703703704,18.1,1.3,8.9
gfci,0.1,0.005,10,1.0,0.9871318304337173,0.7717056184391017,0.00229885057471261,0.6555555555555556,17.7,1.0,9.3
gfci,0.1,0.01,10,1.0,0.9871318304337173,0.7794575564235977,0.0020689655172413503,0.662962962962963,17.9,0.9,9.1
gfci,0.1,0.05,10,1.0,0.97999518999519,0.7719803067229438,0.00321839080459766,0.662962962962963,17.9,1.4,9.1
gfci,0.1,0.1,10,1.0,0.9746729196729197,0.761265734631094,0.003908045977011459,0.6555555555555556,17.7,1.7,9.3
gfci,0.2,0.001,10,1.0,0.9792425952803312,0.8390964670837144,0.0013793103448275698,0.7444444444444445,20.1,0.6,6.9
gfci,0.2,0.005,10,1.0,0.9830149096186831,0.8444992124864598,0.0011494252873563101,0.7518518518518518,20.3,0.5,6.7
gfci,0.2,0.01,10,1.0,0.9849742710120069,0.8444992124864598,0.0011494252873563101,0.7518518518518518,20.3,0.5,6.7
gfci,0.2,0.05,10,1.0,0.990704529572454,0.8408932230102442,0.0013793103448275698,0.7481481481481481,20.2,0.6,6.8
gfci,0.2,0.1,10,1.0,0.9888863477542722,0.8391361170670919,0.0011494252873563101,0.7444444444444444,20.1,0.5,6.9
gfci,0.3,0.001,10,1.0,0.9963636363636365,0.8592150311914419,0.0011494252873563,0.7703703703703704,20.8,0.5,6.2
gfci,0.3,0.005,10,1.0,0.9963636363636365,0.8592150311914419,0.0011494252873563,0.7703703703703704,20.8,0.5,6.2
gfci,0.3,0.01,10,1.0,0.9963636363636365,0.8592150311914419,0.0011494252873563,0.7703703703703704,20.8,0.5,6.2
gfci,0.3,0.05,10,1.0,0.9963636363636365,0.8592150311914419,0.0011494252873563,0.7703703703703704,20.8,0.5,6.2
gfci,0.3,0.1,10,1.0,0.9963636363636365,0.8592150311914419,0.0011494252873563,0.7703703703703704,20.8,0.5,6.2
