algorithm,es,penalty_discount,n_draws,search_ok,dice_skeleton,dice_directed,oriented_fpr,oriented_tpr,oriented_tp,oriented_fp,oriented_fn
fges,0.1,0.5,10,1.0,0.7828479630605198,0.5597456513349864,0.04689655172413788,0.662962962962963,17.9,20.4,9.1
fges,0.1,1.0,10,1.0,0.8806733760182036,0.6160987316497322,0.02758620689655169,0.6222222222222222,16.8,12.0,10.2
fges,0.1,2.0,10,1.0,0.8975659806280083,0.637468530600976,0.023448275862068928,0.6296296296296295,17.0,10.2,10.0
fges,0.1,4.0,10,1.0,0.9037310244405026,0.6264428120716713,0.023908045977011468,0.6222222222222222,16.8,10.4,10.2
fges,0.1,8.0,10,1.0,0.9048870995407288,0.6204214030223822,0.02298850574712642,0.6074074074074074,16.4,10.0,10.6
fges,0.2,0.5,10,1.0,0.8691462212758984,0.7222917022494121,0.0229885057471264,0.762962962962963,20.6,10.0,6.4
fges,0.2,1.0,10,1.0,0.9772936602870814,0.8285089417948429,0.00482758620689654,0.7555555555555555,20.4,2.1,6.6
fges,0.2,2.0,10,1.0,0.9945417789757413,0.8609332491216989,0.00045977011494252,0.7666666666666666,20.7,0.2,6.3
fges,0.2,4.0,10,1.0,0.9762913501592747,0.8200513496459049,0.0027586206896551497,0.7333333333333333,19.8,1.2,7.2
fges,0.2,8.0,10,1.0,0.9450137639664342,0.7620174784703161,0.007816091954022959,0.6925925925925925,18.7,3.4,8.3
fges,0.3,0.5,10,1.0,0.8773155109208265,0.7418183843282292,0.02183908045977007,0.7925925925925925,21.4,9.5,5.6
fges,0.3,1.0,10,1.0,0.9848882265275709,0.8498468816105265,0.00275862068965516,0.7703703703703704,20.8,1.2,6.2
fges,0.3,2.0,10,1.0,0.9964285714285716,0.8652141486146221,0.00068965517241379,0.774074074074074,20.9,0.3,6.1
fges,0.3,4.0,10,1.0,0.993103448275862,0.8572141486146221,0.0011494252873563199,0.7666666666666667,20.7,0.5,6.3
fges,0.3,8.0,10,1.0,0.993103448275862,0.8572141486146221,0.0011494252873563199,0.7666666666666667,20.7,0.5,6.3
